819,u_basic_u_pos,1581377219,0
820,u_basic_u_zero,1581377219,1581377089
821,u_basic_u_onlypos,1581377219,0
822,u_uintmax,1581377219,0
823,u_width_pos_fits,1581377219,0
824,u_width_zero_fits,1581377219,1581377089
825,u_width_pos_exactfit,1581377219,0
826,u_width_pos_nofit,1581377219,0
827,u_width_pos_fits_lj,1581377219,0
828,u_width_zero_fits_lj,1581377219,1581377089
829,u_width_pos_exactfit_lj,1581377219,0
830,u_width_pos_nofit_lj,1581377219,0
831,u_prec_fits_pos,1581377219,1581376080
832,u_prec_fits_zero,1581377219,1581376080
833,u_prec_exactfit_pos,1581377219,0
834,u_prec_nofit_pos,1581377219,0
835,u_zp_pos_fits,1581377219,0
836,u_zp_zero_fits,1581377219,1581377089
837,u_zp_pos_exactfit,1581377219,0
838,u_prec_width_fit_fit_pos,1581377219,1581376080
839,u_prec_width_fit_fit_zero,1581377219,1581376853
840,u_prec_width_nofit_fit_pos,1581377219,0
841,u_prec_width_fit_nofit_pos,1581377219,1581376080
842,u_prec_width_nofit_nofit_pos,1581377219,0
843,u_prec_width_fit_fit_pos_lj,1581377219,1581376080
844,u_prec_width_fit_fit_zero_lj,1581377219,1581376853
845,u_prec_width_nofit_fit_pos_lj,1581377219,0
846,u_prec_width_fit_nofit_pos_lj,1581377219,1581376080
847,u_prec_width_nofit_nofit_pos_lj,1581377219,0
848,u_prec_width_ff_pos_zp,1581377219,1581376080
849,u_prec_width_ff_zero_zp,1581377219,1581376853
850,u_prec_width_nf_pos_zp,1581377219,0
851,u_prec_width_fn_pos_zp,1581377219,1581376080
852,u_prec_width_nn_pos_zp,1581377219,0
853,u_prec_width_ff_pos_ljzp_ignoreflag,1581377219,1581376080
854,u_prec_width_ff_zero_ljzp_ignoreflag,1581377219,1581376853
855,u_prec_width_nf_pos_ljzp_ignoreflag,1581377219,0
856,u_prec_width_fn_pos_ljzp_ignoreflag,1581377219,1581376080
857,u_prec_width_nn_pos_ljzp_ignoreflag,1581377219,0
858,u_size_hh_pos_casted,1581377219,0
859,u_size_h_pos_casted,1581377219,0
860,u_size_l_pos_casted,1581377219,0
861,u_size_ll_pos_casted,1581377219,0
862,u_size_hh_pos_ref,1581377219,0
863,u_size_h_pos_ref,1581377219,0
864,u_size_l_pos_ref,1581377219,0
865,u_size_ll_pos_ref,1581377219,0
866,u_size_l_pos_big,1581377219,0
867,u_size_ll_pos_big,1581377219,0
868,u_ullmax,1581377219,0
869,u_ulmax,1581377219,0
870,u_uhmax,1581377219,0
871,u_uhhmax,1581377219,0
872,u_size_l_pos_big_zp,1581377219,0
873,u_size_ll_pos_big_width,1581377219,0
874,u_size_ll_hh_ll,1581377219,0
875,u_size_h_l_hh,1581377219,0
876,u_size_l_hh_h,1581377219,0
877,u_size_n_ll_hh,1581377219,0
878,u_size_ll_n_l,1581377219,0
879,u_prec0val0_basic,1581377219,1581375978
880,u_prec0val0_implicit,1581377219,1581375978
881,u_prec0val0_w,1581377219,1581375978
882,u_prec0val0_w_impl,1581377219,1581375978
883,u_prec0val0_wlj,1581377219,1581375978
884,u_prec0val0_wlj_impl,1581377219,1581375978
888,x_basic_pos,1581377219,0
889,x_basic_zero,1581377219,1581377089
890,x_basic_onlypos,1581377219,0
891,x_hexlmax,1581377219,0
892,x_width_pos_fits,1581377219,0
893,x_width_zero_fits,1581377219,1581377089
894,x_width_pos_exactfit,1581377219,0
895,x_width_pos_nofit,1581377219,0
896,x_width_pos_fits_lj,1581377219,0
897,x_width_zero_fits_lj,1581377219,1581377089
898,x_width_pos_exactfit_lj,1581377219,0
899,x_width_pos_nofit_lj,1581377219,0
900,x_prec_fits_pos,1581377219,1581375008
901,x_prec_fits_zero,1581377219,1581375008
902,x_prec_exactfit_pos,1581377219,0
903,x_prec_nofit_pos,1581377219,0
904,x_zp_pos_fits,1581377219,0
905,x_zp_zero_fits,1581377219,1581377089
906,x_zp_pos_exactfit,1581377219,0
907,x_prec_width_fit_fit_pos,1581377219,1581375384
908,x_prec_width_fit_fit_zero,1581377219,1581375384
909,x_prec_width_nofit_fit_pos,1581377219,0
910,x_prec_width_fit_nofit_pos,1581377219,1581375008
911,x_prec_width_nofit_nofit_pos,1581377219,0
912,x_prec_width_fit_fit_pos_lj,1581377219,1581375008
913,x_prec_width_fit_fit_zero_lj,1581377219,1581375008
914,x_prec_width_nofit_fit_pos_lj,1581377219,0
915,x_prec_width_fit_nofit_pos_lj,1581377219,1581375008
916,x_prec_width_nofit_nofit_pos_lj,1581377219,0
917,x_prec_width_ff_pos_zp,1581377219,1581375384
918,x_prec_width_ff_zero_zp,1581377219,1581375384
919,x_prec_width_nf_pos_zp,1581377219,0
920,x_prec_width_fn_pos_zp,1581377219,1581375008
921,x_prec_width_nn_pos_zp,1581377219,0
922,x_prec_width_ff_pos_ljzp_ignoreflag,1581377219,1581375008
923,x_prec_width_ff_zero_ljzp_ignoreflag,1581377219,1581375008
924,x_prec_width_nf_pos_ljzp_ignoreflag,1581377219,0
925,x_prec_width_fn_pos_ljzp_ignoreflag,1581377219,1581375008
926,x_prec_width_nn_pos_ljzp_ignoreflag,1581377219,0
927,x_size_hh_pos_casted,1581377219,0
928,x_size_h_pos_casted,1581377219,0
929,x_size_l_pos_casted,1581377219,0
930,x_size_ll_pos_casted,1581377219,0
931,x_size_hh_pos_ref,1581377219,0
932,x_size_h_pos_ref,1581377219,0
933,x_size_l_pos_ref,1581377219,0
934,x_size_ll_pos_ref,1581377219,0
935,x_size_l_pos_big,1581377219,0
936,x_size_ll_pos_big,1581377219,0
937,x_ullmax,1581377219,0
938,x_ulmax,1581377219,0
939,x_uhmax,1581377219,0
940,x_uhhmax,1581377219,0
941,x_size_l_pos_big_zp,1581377219,0
942,x_size_ll_pos_big_width,1581377219,0
943,x_size_ll_hh_ll,1581377219,0
944,x_size_h_l_hh,1581377219,0
945,x_size_l_hh_h,1581377219,0
946,x_size_n_ll_hh,1581377219,0
947,x_size_ll_n_l,1581377219,0
948,x_basic_pos_af,1581377219,1581374560
949,x_basic_zero_af,1581377219,1581377089
950,x_basic_onlypos_af,1581377219,1581374560
951,x_hexlmax_af,1581377219,1581374560
952,x_width_pos_fits_af,1581377219,1581375534
953,x_width_zero_fits_af,1581377219,1581377089
954,x_width_pos_exactfit_af,1581377219,1581375534
955,x_width_pos_nofit_af,1581377219,1581374560
956,x_width_pos_fits_lj_af,1581377219,1581375534
957,x_width_zero_fits_lj_af,1581377219,1581377089
958,x_width_pos_exactfit_lj_af,1581377219,1581375534
959,x_width_pos_nofit_lj_af,1581377219,1581374560
960,x_prec_fits_pos_af,1581377219,1581375262
961,x_prec_fits_zero_af,1581377219,1581375008
962,x_prec_exactfit_pos_af,1581377219,1581374560
963,x_prec_nofit_pos_af,1581377219,1581374560
964,x_zp_pos_fits_af,1581377219,1581375534
965,x_zp_zero_fits_af,1581377219,1581377089
966,x_zp_pos_exactfit_af,1581377219,1581374493
967,x_prec_width_fit_fit_pos_af,1581377219,1581375770
968,x_prec_width_fit_fit_zero_af,1581377219,1581375384
969,x_prec_width_nofit_fit_pos_af,1581377219,1581375534
970,x_prec_width_fit_nofit_pos_af,1581377219,1581375262
971,x_prec_width_nofit_nofit_pos_af,1581377219,1581374560
972,x_prec_width_fit_fit_pos_lj_af,1581377219,1581375770
973,x_prec_width_fit_fit_zero_lj_af,1581377219,1581375008
974,x_prec_width_nofit_fit_pos_lj_af,1581377219,1581375534
975,x_prec_width_fit_nofit_pos_lj_af,1581377219,1581375262
976,x_prec_width_nofit_nofit_pos_lj_af,1581377219,1581374560
977,x_prec_width_ff_pos_zp_af,1581377219,1581375770
978,x_prec_width_ff_zero_zp_af,1581377219,1581375384
979,x_prec_width_nf_pos_zp_af,1581377219,1581375534
980,x_prec_width_fn_pos_zp_af,1581377219,1581375262
981,x_prec_width_nn_pos_zp_af,1581377219,1581374560
982,x_prec_width_ff_pos_ljzpaf_ignoreflag,1581377219,1581375770
983,x_prec_width_ff_zero_ljzpaf_ignoreflag,1581377219,1581375008
984,x_prec_width_nf_pos_ljzpaf_ignoreflag,1581377219,1581375534
985,x_prec_width_fn_pos_ljzpaf_ignoreflag,1581377219,1581375262
986,x_prec_width_nn_pos_ljzpaf_ignoreflag,1581377219,1581374560
987,x_size_hh_pos_casted_af,1581377219,1581374560
988,x_size_h_pos_casted_af,1581377219,1581374560
989,x_size_l_pos_casted_af,1581377219,1581374560
990,x_size_ll_pos_casted_af,1581377219,1581374560
991,x_size_hh_pos_ref_af,1581377219,1581374560
992,x_size_h_pos_ref_af,1581377219,1581374560
993,x_size_l_pos_ref_af,1581377219,1581374560
994,x_size_ll_pos_ref_af,1581377219,1581374560
995,x_size_l_pos_big_af,1581377219,1581374560
996,x_size_ll_pos_big_af,1581377219,1581374560
997,x_ullmax_af,1581377219,1581374560
998,x_ulmax_af,1581377219,1581374560
999,x_uhmax_af,1581377219,1581374560
1000,x_uhhmax_af,1581377219,1581374560
1001,x_size_l_pos_big_zp_af,1581377219,1581375534
1002,x_size_ll_pos_big_width_af,1581377219,1581375534
1003,x_size_ll_hh_ll_af,1581377219,1581374560
1004,x_size_h_l_hh_af,1581377219,1581374560
1005,x_size_l_hh_h_af,1581377219,1581374560
1006,x_size_n_ll_hh_af,1581377219,1581374560
1007,x_size_ll_n_l_af,1581377219,1581374560
1008,x_prec0val0_basic,1581377219,1581375978
1009,x_prec0val0_implicit,1581377219,1581375978
1010,x_prec0val0_w,1581377219,1581375978
1011,x_prec0val0_w_impl,1581377219,1581375978
1012,x_prec0val0_wlj,1581377219,1581375978
1013,x_prec0val0_wlj_impl,1581377219,1581375978
1014,x_prec0val0_af,1581377219,1581375978
1015,x_prec0val0_af_impl,1581377219,1581375978
1016,x_prec0val0_waf,1581377219,1581375978
1017,x_prec0val0_waf_impl,1581377219,1581375978
1018,x_prec0val0_waflj,1581377219,1581375978
1019,x_prec0val0_waflj_impl,1581377219,1581375978
1020,X_basic_hexu_pos,1581377219,0
1021,X_basic_hexu_zero,1581377219,1581377089
1022,X_basic_hexu_onlypos,1581377219,0
1023,X_hexumax,1581377219,0
1024,X_width_pos_fits,1581377219,0
1025,X_width_zero_fits,1581377219,1581377089
1026,X_width_pos_exactfit,1581377219,0
1027,X_width_pos_nofit,1581377219,0
1028,X_width_pos_fits_lj,1581377219,0
1029,X_width_zero_fits_lj,1581377219,1581377089
1030,X_width_pos_exactfit_lj,1581377219,0
1031,X_width_pos_nofit_lj,1581377219,0
1032,X_prec_fits_pos,1581377219,1581375008
1033,X_prec_fits_zero,1581377219,1581375008
1034,X_prec_exactfit_pos,1581377219,0
1035,X_prec_nofit_pos,1581377219,0
1036,X_zp_pos_fits,1581377219,0
1037,X_zp_zero_fits,1581377219,1581377089
1038,X_zp_pos_exactfit,1581377219,0
1039,X_prec_width_fit_fit_pos,1581377219,1581375384
1040,X_prec_width_fit_fit_zero,1581377219,1581375384
1041,X_prec_width_nofit_fit_pos,1581377219,0
1042,X_prec_width_fit_nofit_pos,1581377219,1581375008
1043,X_prec_width_nofit_nofit_pos,1581377219,0
1044,X_prec_width_fit_fit_pos_lj,1581377219,1581375008
1045,X_prec_width_fit_fit_zero_lj,1581377219,1581375008
1046,X_prec_width_nofit_fit_pos_lj,1581377219,0
1047,X_prec_width_fit_nofit_pos_lj,1581377219,1581375008
1048,X_prec_width_nofit_nofit_pos_lj,1581377219,0
1049,X_prec_width_ff_pos_zp,1581377219,1581375384
1050,X_prec_width_ff_zero_zp,1581377219,1581375384
1051,X_prec_width_nf_pos_zp,1581377219,0
1052,X_prec_width_fn_pos_zp,1581377219,1581375008
1053,X_prec_width_nn_pos_zp,1581377219,0
1054,X_prec_width_ff_pos_ljzp_ignoreflag,1581377219,1581375008
1055,X_prec_width_ff_zero_ljzp_ignoreflag,1581377219,1581375008
1056,X_prec_width_nf_pos_ljzp_ignoreflag,1581377219,0
1057,X_prec_width_fn_pos_ljzp_ignoreflag,1581377219,1581375008
1058,X_prec_width_nn_pos_ljzp_ignoreflag,1581377219,0
1059,X_size_hh_pos_casted,1581377219,0
1060,X_size_h_pos_casted,1581377219,0
1061,X_size_l_pos_casted,1581377219,0
1062,X_size_ll_pos_casted,1581377219,0
1063,X_size_hh_pos_ref,1581377219,0
1064,X_size_h_pos_ref,1581377219,0
1065,X_size_l_pos_ref,1581377219,0
1066,X_size_ll_pos_ref,1581377219,0
1067,X_size_l_pos_big,1581377219,0
1068,X_size_ll_pos_big,1581377219,0
1069,X_ullmax,1581377219,0
1070,X_ulmax,1581377219,0
1071,X_uhmax,1581377219,0
1072,X_uhhmax,1581377219,0
1073,X_size_l_pos_big_zp,1581377219,0
1074,X_size_ll_pos_big_width,1581377219,0
1075,X_size_ll_hh_ll,1581377219,0
1076,X_size_h_l_hh,1581377219,0
1077,X_size_l_hh_h,1581377219,0
1078,X_size_n_ll_hh,1581377219,0
1079,X_size_ll_n_l,1581377219,0
1080,X_basic_hexu_pos_af,1581377219,1581374560
1081,X_basic_hexu_zero_af,1581377219,1581377089
1082,X_basic_hexu_onlypos_af,1581377219,1581374560
1083,X_hexumax_af,1581377219,1581374560
1084,X_width_pos_fits_af,1581377219,1581375534
1085,X_width_zero_fits_af,1581377219,1581377089
1086,X_width_pos_exactfit_af,1581377219,1581375534
1087,X_width_pos_nofit_af,1581377219,1581374560
1088,X_width_pos_fits_lj_af,1581377219,1581375534
1089,X_width_zero_fits_lj_af,1581377219,1581377089
1090,X_width_pos_exactfit_lj_af,1581377219,1581375534
1091,X_width_pos_nofit_lj_af,1581377219,1581374560
1092,X_prec_fits_pos_af,1581377219,1581375262
1093,X_prec_fits_zero_af,1581377219,1581375008
1094,X_prec_exactfit_pos_af,1581377219,1581374560
1095,X_prec_nofit_pos_af,1581377219,1581374560
1096,X_zp_pos_fits_af,1581377219,1581375534
1097,X_zp_zero_fits_af,1581377219,1581377089
1098,X_zp_pos_exactfit_af,1581377219,1581374493
1099,X_prec_width_fit_fit_pos_af,1581377219,1581375770
1100,X_prec_width_fit_fit_zero_af,1581377219,1581375384
1101,X_prec_width_nofit_fit_pos_af,1581377219,1581375534
1102,X_prec_width_fit_nofit_pos_af,1581377219,1581375262
1103,X_prec_width_nofit_nofit_pos_af,1581377219,1581374560
1104,X_prec_width_fit_fit_pos_lj_af,1581377219,1581375770
1105,X_prec_width_fit_fit_zero_lj_af,1581377219,1581375008
1106,X_prec_width_nofit_fit_pos_lj_af,1581377219,1581375534
1107,X_prec_width_fit_nofit_pos_lj_af,1581377219,1581375262
1108,X_prec_width_nofit_nofit_pos_lj_af,1581377219,1581374560
1109,X_prec_width_ff_pos_zp_af,1581377219,1581375770
1110,X_prec_width_ff_zero_zp_af,1581377219,1581375384
1111,X_prec_width_nf_pos_zp_af,1581377219,1581375534
1112,X_prec_width_fn_pos_zp_af,1581377219,1581375262
1113,X_prec_width_nn_pos_zp_af,1581377219,1581374560
1114,X_prec_width_ff_pos_ljzpaf_ignoreflag,1581377219,1581375770
1115,X_prec_width_ff_zero_ljzpaf_ignoreflag,1581377219,1581375008
1116,X_prec_width_nf_pos_ljzpaf_ignoreflag,1581377219,1581375534
1117,X_prec_width_fn_pos_ljzpaf_ignoreflag,1581377219,1581375262
1118,X_prec_width_nn_pos_ljzpaf_ignoreflag,1581377219,1581374560
1119,X_size_hh_pos_casted_af,1581377219,1581374560
1120,X_size_h_pos_casted_af,1581377219,1581374560
1121,X_size_l_pos_casted_af,1581377219,1581374560
1122,X_size_ll_pos_casted_af,1581377219,1581374560
1123,X_size_hh_pos_ref_af,1581377219,1581374560
1124,X_size_h_pos_ref_af,1581377219,1581374560
1125,X_size_l_pos_ref_af,1581377219,1581374560
1126,X_size_ll_pos_ref_af,1581377219,1581374560
1127,X_size_l_pos_big_af,1581377219,1581374560
1128,X_size_ll_pos_big_af,1581377219,1581374560
1129,X_ullmax_af,1581377219,1581374560
1130,X_ulmax_af,1581377219,1581374560
1131,X_uhmax_af,1581377219,1581374560
1132,X_uhhmax_af,1581377219,1581374560
1133,X_size_l_pos_big_zp_af,1581377219,1581375534
1134,X_size_ll_pos_big_width_af,1581377219,1581375534
1135,X_size_ll_hh_ll_af,1581377219,1581374560
1136,X_size_h_l_hh_af,1581377219,1581374560
1137,X_size_l_hh_h_af,1581377219,1581374560
1138,X_size_n_ll_hh_af,1581377219,1581374560
1139,X_size_ll_n_l_af,1581377219,1581374560
1140,X_prec0val0_basic,1581377219,1581375978
1141,X_prec0val0_implicit,1581377219,1581375978
1142,X_prec0val0_w,1581377219,1581375978
1143,X_prec0val0_w_impl,1581377219,1581375978
1144,X_prec0val0_wlj,1581377219,1581375978
1145,X_prec0val0_wlj_impl,1581377219,1581375978
1146,X_prec0val0_af,1581377219,1581375978
1147,X_prec0val0_af_impl,1581377219,1581375978
1148,X_prec0val0_waf,1581377219,1581375978
1149,X_prec0val0_waf_impl,1581377219,1581375978
1150,X_prec0val0_waflj,1581377219,1581375978
1151,X_prec0val0_waflj_impl,1581377219,1581375978
1152,o_basic_octl_pos,1581377219,0
1153,o_basic_octl_zero,1581377219,1581377089
1154,o_basic_octl_onlypos,1581377219,0
1155,o_octlmax,1581377219,0
1156,o_width_pos_fits,1581377219,0
1157,o_width_zero_fits,1581377219,1581377089
1158,o_width_pos_exactfit,1581377219,0
1159,o_width_pos_nofit,1581377219,0
1160,o_width_pos_fits_lj,1581377219,0
1161,o_width_zero_fits_lj,1581377219,1581377089
1162,o_width_pos_exactfit_lj,1581377219,0
1163,o_width_pos_nofit_lj,1581377219,0
1164,o_prec_fits_pos,1581377219,1581376080
1165,o_prec_fits_zero,1581377219,1581376080
1166,o_prec_exactfit_pos,1581377219,0
1167,o_prec_nofit_pos,1581377219,0
1168,o_zp_pos_fits,1581377219,0
1169,o_zp_zero_fits,1581377219,1581377089
1170,o_zp_pos_exactfit,1581377219,0
1171,o_prec_width_fit_fit_pos,1581377219,1581376080
1172,o_prec_width_fit_fit_zero,1581377219,1581376853
1173,o_prec_width_nofit_fit_pos,1581377219,0
1174,o_prec_width_fit_nofit_pos,1581377219,1581376080
1175,o_prec_width_nofit_nofit_pos,1581377219,0
1176,o_prec_width_fit_fit_pos_lj,1581377219,1581376080
1177,o_prec_width_fit_fit_zero_lj,1581377219,1581376853
1178,o_prec_width_nofit_fit_pos_lj,1581377219,0
1179,o_prec_width_fit_nofit_pos_lj,1581377219,1581376080
1180,o_prec_width_nofit_nofit_pos_lj,1581377219,0
1181,o_prec_width_ff_pos_zp,1581377219,1581376080
1182,o_prec_width_ff_zero_zp,1581377219,1581376853
1183,o_prec_width_nf_pos_zp,1581377219,0
1184,o_prec_width_fn_pos_zp,1581377219,1581376080
1185,o_prec_width_nn_pos_zp,1581377219,0
1186,o_prec_width_ff_pos_ljzp_ignoreflag,1581377219,1581376080
1187,o_prec_width_ff_zero_ljzp_ignoreflag,1581377219,1581376853
1188,o_prec_width_nf_pos_ljzp_ignoreflag,1581377219,0
1189,o_prec_width_fn_pos_ljzp_ignoreflag,1581377219,1581376080
1190,o_prec_width_nn_pos_ljzp_ignoreflag,1581377219,0
1191,o_size_hh_pos_casted,1581377219,0
1192,o_size_h_pos_casted,1581377219,0
1193,o_size_l_pos_casted,1581377219,0
1194,o_size_ll_pos_casted,1581377219,0
1195,o_size_hh_pos_ref,1581377219,0
1196,o_size_h_pos_ref,1581377219,0
1197,o_size_l_pos_ref,1581377219,0
1198,o_size_ll_pos_ref,1581377219,0
1199,o_size_l_pos_big,1581377219,0
1200,o_size_ll_pos_big,1581377219,0
1201,o_ullmax,1581377219,0
1202,o_ulmax,1581377219,0
1203,o_uhmax,1581377219,0
1204,o_uhhmax,1581377219,0
1205,o_size_l_pos_big_zp,1581377219,0
1206,o_size_ll_pos_big_width,1581377219,0
1207,o_size_ll_hh_ll,1581377219,0
1208,o_size_h_l_hh,1581377219,0
1209,o_size_l_hh_h,1581377219,0
1210,o_size_n_ll_hh,1581377219,0
1211,o_size_ll_n_l,1581377219,0
1212,o_basic_octl_pos_af,1581377219,1581374774
1213,o_basic_octl_zero_af,1581377219,1581376919
1214,o_basic_octl_onlypos_af,1581377219,1581374774
1215,o_octlmax_af,1581377219,1581374774
1216,o_width_pos_fits_af,1581377219,1581377159
1217,o_width_zero_fits_af,1581377219,1581377089
1218,o_width_pos_exactfit_af,1581377219,1581375669
1219,o_width_pos_nofit_af,1581377219,1581374774
1220,o_width_pos_fits_lj_af,1581377219,1581377159
1221,o_width_zero_fits_lj_af,1581377219,1581377089
1222,o_width_pos_exactfit_lj_af,1581377219,1581375669
1223,o_width_pos_nofit_lj_af,1581377219,1581374774
1224,o_prec_fits_pos_af,1581377219,1581375262
1225,o_prec_fits_zero_af,1581377219,1581376755
1226,o_prec_exactfit_pos_af,1581377219,1581374774
1227,o_prec_nofit_pos_af,1581377219,1581374774
1228,o_zp_pos_fits_af,1581377219,1581377159
1229,o_zp_zero_fits_af,1581377219,1581377089
1230,o_zp_pos_exactfit_af,1581377219,1581375669
1231,o_prec_width_fit_fit_pos_af,1581377219,1581375696
1232,o_prec_width_fit_fit_zero_af,1581377219,1581376853
1233,o_prec_width_nofit_fit_pos_af,1581377219,1581375669
1234,o_prec_width_fit_nofit_pos_af,1581377219,1581375262
1235,o_prec_width_nofit_nofit_pos_af,1581377219,1581374774
1236,o_prec_width_fit_fit_pos_lj_af,1581377219,1581375696
1237,o_prec_width_fit_fit_zero_lj_af,1581377219,1581376853
1238,o_prec_width_nofit_fit_pos_lj_af,1581377219,1581375669
1239,o_prec_width_fit_nofit_pos_lj_af,1581377219,1581375262
1240,o_prec_width_nofit_nofit_pos_lj_af,1581377219,1581374774
1241,o_prec_width_ff_pos_zp_af,1581377219,1581375696
1242,o_prec_width_ff_zero_zp_af,1581377219,1581376853
1243,o_prec_width_nf_pos_zp_af,1581377219,1581375669
1244,o_prec_width_fn_pos_zp_af,1581377219,1581375262
1245,o_prec_width_nn_pos_zp_af,1581377219,1581374774
1246,o_prec_width_ff_pos_ljzpaf_ignoreflag,1581377219,1581375696
1247,o_prec_width_ff_zero_ljzpaf_ignoreflag,1581377219,1581376853
1248,o_prec_width_nf_pos_ljzpaf_ignoreflag,1581377219,1581375669
1249,o_prec_width_fn_pos_ljzpaf_ignoreflag,1581377219,1581375262
1250,o_prec_width_nn_pos_ljzpaf_ignoreflag,1581377219,1581374774
1251,o_size_hh_pos_casted_af,1581377219,1581374774
1252,o_size_h_pos_casted_af,1581377219,1581374774
1253,o_size_l_pos_casted_af,1581377219,1581374774
1254,o_size_ll_pos_casted_af,1581377219,1581374774
1255,o_size_hh_pos_ref_af,1581377219,1581374774
1256,o_size_h_pos_ref_af,1581377219,1581374774
1257,o_size_l_pos_ref_af,1581377219,1581374774
1258,o_size_ll_pos_ref_af,1581377219,1581374774
1259,o_size_l_pos_big_af,1581377219,1581374774
1260,o_size_ll_pos_big_af,1581377219,1581374774
1261,o_ullmax_af,1581377219,1581374774
1262,o_ulmax_af,1581377219,1581374774
1263,o_uhmax_af,1581377219,1581374774
1264,o_uhhmax_af,1581377219,1581374774
1265,o_size_l_pos_big_zp_af,1581377219,1581377159
1266,o_size_ll_pos_big_width_af,1581377219,1581377159
1267,o_size_ll_hh_ll_af,1581377219,1581374774
1268,o_size_h_l_hh_af,1581377219,1581374774
1269,o_size_l_hh_h_af,1581377219,1581374774
1270,o_size_n_ll_hh_af,1581377219,1581374774
1271,o_size_ll_n_l_af,1581377219,1581374774
1272,o_prec0val0_basic,1581377219,1581375978
1273,o_prec0val0_implicit,1581377219,1581375978
1274,o_prec0val0_w,1581377219,1581375978
1275,o_prec0val0_w_impl,1581377219,1581375978
1276,o_prec0val0_wlj,1581377219,1581375978
1277,o_prec0val0_wlj_impl,1581377219,1581375978
1278,o_prec0val0_af,1581377219,1581376755
1279,o_prec0val0_af_impl,1581377219,1581376755
1280,o_prec0val0_waf,1581377219,1581376755
1281,o_prec0val0_waf_impl,1581377219,1581376755
1282,o_prec0val0_waflj,1581377219,1581376755
1283,o_prec0val0_waflj_impl,1581377219,1581376755
